Workbook

Sheet Coin half cell-data
A1: Name/ID | B1: channel ID | C1: Sample Name | D1: Recipe | E1: Total electrode weight (mg) | F1: Electrode Thickness(µm) | G1: Electrode Diameter(mm) | H1: Coating weight (mg) | I1: Active mass (mg) | J1: Loading level(mg/cm^2) | K1: Electrode Density ( g/cm^3) | L1: Porosity | M1: Iterations
A2: 11573 | B2: 51_05_08 | C2: UKP241003 | D2: Production | E2: 24 | G2: 12.7 | H2: =Table1[[#This Row],[Total electrode weight (mg)]] - IF(ROW()<40, Constants!$B$2 * PI()*(Table1[[#This Row],[Electrode Diameter(mm)]]/(10*2))^2, Constants!$B$4 * PI()*(Table1[[#This Row],[Electrode Diameter(mm)]]/(10*2))^2) -> 18.882254 | I2: =IF(D2="", "", IF(D2="RnD", H2*0.85, IF(D2="Production", H2*0.93, "Invalid"))) -> 17.560497 | J2: =Table1[[#This Row],[Coating weight (mg)]]/Constants!$C$2 -> 14.905842 | K2: =(Table1[[#This Row],[Coating weight (mg)]]/1000)/(((Table1[[#This Row],[Electrode Thickness(µm)]]-Constants!$E$4)*10^-4)*Constants!$C$4) -> -12.421535
A3: 11574 | B3: 51_06_02 | C3: UKP241003 | D3: Production | E3: 23.2 | G3: 12.7 | H3: =Table1[[#This Row],[Total electrode weight (mg)]] - IF(ROW()<40, Constants!$B$2 * PI()*(Table1[[#This Row],[Electrode Diameter(mm)]]/(10*2))^2, Constants!$B$4 * PI()*(Table1[[#This Row],[Electrode Diameter(mm)]]/(10*2))^2) -> 18.082254 | I3: =IF(D3="", "", IF(D3="RnD", H3*0.85, IF(D3="Production", H3*0.93, "Invalid"))) -> 16.816497 | J3: =Table1[[#This Row],[Coating weight (mg)]]/Constants!$C$2 -> 14.274314 | K3: =(Table1[[#This Row],[Coating weight (mg)]]/1000)/(((Table1[[#This Row],[Electrode Thickness(µm)]]-Constants!$E$4)*10^-4)*Constants!$C$4) -> -11.895262
A4: 11575 | B4: 51_06_05 | C4: UKP241003 | D4: Production | E4: 22.8 | G4: 12.7 | H4: =Table1[[#This Row],[Total electrode weight (mg)]] - IF(ROW()<40, Constants!$B$2 * PI()*(Table1[[#This Row],[Electrode Diameter(mm)]]/(10*2))^2, Constants!$B$4 * PI()*(Table1[[#This Row],[Electrode Diameter(mm)]]/(10*2))^2) -> 17.682254 | I4: =IF(D4="", "", IF(D4="RnD", H4*0.85, IF(D4="Production", H4*0.93, "Invalid"))) -> 16.444497 | J4: =Table1[[#This Row],[Coating weight (mg)]]/Constants!$C$2 -> 13.95855 | K4: =(Table1[[#This Row],[Coating weight (mg)]]/1000)/(((Table1[[#This Row],[Electrode Thickness(µm)]]-Constants!$E$4)*10^-4)*Constants!$C$4) -> -11.632125
A5: 11614 | B5: 51_08_01 | C5: UKP241003 | D5: Production | E5: 25.4 | G5: 12.7 | H5: =Table1[[#This Row],[Total electrode weight (mg)]] - IF(ROW()<40, Constants!$B$2 * PI()*(Table1[[#This Row],[Electrode Diameter(mm)]]/(10*2))^2, Constants!$B$4 * PI()*(Table1[[#This Row],[Electrode Diameter(mm)]]/(10*2))^2) -> 20.282254 | I5: =IF(D5="", "", IF(D5="RnD", H5*0.85, IF(D5="Production", H5*0.93, "Invalid"))) -> 18.862497 | J5: =Table1[[#This Row],[Coating weight (mg)]]/Constants!$C$2 -> 16.011016 | K5: =(Table1[[#This Row],[Coating weight (mg)]]/1000)/(((Table1[[#This Row],[Electrode Thickness(µm)]]-Constants!$E$4)*10^-4)*Constants!$C$4) -> -13.342514
A6: 11615 | C6: UKP241003 | D6: Production | E6: 24.2 | G6: 12.7 | H6: =Table1[[#This Row],[Total electrode weight (mg)]] - IF(ROW()<40, Constants!$B$2 * PI()*(Table1[[#This Row],[Electrode Diameter(mm)]]/(10*2))^2, Constants!$B$4 * PI()*(Table1[[#This Row],[Electrode Diameter(mm)]]/(10*2))^2) -> 19.082254 | I6: =IF(D6="", "", IF(D6="RnD", H6*0.85, IF(D6="Production", H6*0.93, "Invalid"))) -> 17.746497 | J6: =Table1[[#This Row],[Coating weight (mg)]]/Constants!$C$2 -> 15.063724 | K6: =(Table1[[#This Row],[Coating weight (mg)]]/1000)/(((Table1[[#This Row],[Electrode Thickness(µm)]]-Constants!$E$4)*10^-4)*Constants!$C$4) -> -12.553104
A7: 11616 | C7: UKP241003 | D7: Production | E7: 24.5 | G7: 12.7 | H7: =Table1[[#This Row],[Total electrode weight (mg)]] - IF(ROW()<40, Constants!$B$2 * PI()*(Table1[[#This Row],[Electrode Diameter(mm)]]/(10*2))^2, Constants!$B$4 * PI()*(Table1[[#This Row],[Electrode Diameter(mm)]]/(10*2))^2) -> 19.382254 | I7: =IF(D7="", "", IF(D7="RnD", H7*0.85, IF(D7="Production", H7*0.93, "Invalid"))) -> 18.025497 | J7: =Table1[[#This Row],[Coating weight (mg)]]/Constants!$C$2 -> 15.300547 | K7: =(Table1[[#This Row],[Coating weight (mg)]]/1000)/(((Table1[[#This Row],[Electrode Thickness(µm)]]-Constants!$E$4)*10^-4)*Constants!$C$4) -> -12.750456
A8: 11617 | C8: UKP241003 | D8: Production | E8: 23.6 | G8: 12.7 | H8: =Table1[[#This Row],[Total electrode weight (mg)]] - IF(ROW()<40, Constants!$B$2 * PI()*(Table1[[#This Row],[Electrode Diameter(mm)]]/(10*2))^2, Constants!$B$4 * PI()*(Table1[[#This Row],[Electrode Diameter(mm)]]/(10*2))^2) -> 18.482254 | I8: =IF(D8="", "", IF(D8="RnD", H8*0.85, IF(D8="Production", H8*0.93, "Invalid"))) -> 17.188497 | J8: =Table1[[#This Row],[Coating weight (mg)]]/Constants!$C$2 -> 14.590078 | K8: =(Table1[[#This Row],[Coating weight (mg)]]/1000)/(((Table1[[#This Row],[Electrode Thickness(µm)]]-Constants!$E$4)*10^-4)*Constants!$C$4) -> -12.158399
A9: 11621 | B9: 51_05_01 | C9: CQA-1002 | D9: Production | E9: 24.4 | G9: 12.7 | H9: =Table1[[#This Row],[Total electrode weight (mg)]] - IF(ROW()<40, Constants!$B$2 * PI()*(Table1[[#This Row],[Electrode Diameter(mm)]]/(10*2))^2, Constants!$B$4 * PI()*(Table1[[#This Row],[Electrode Diameter(mm)]]/(10*2))^2) -> 19.282254 | I9: =IF(D9="", "", IF(D9="RnD", H9*0.85, IF(D9="Production", H9*0.93, "Invalid"))) -> 17.932497 | J9: =Table1[[#This Row],[Coating weight (mg)]]/Constants!$C$2 -> 15.221606 | K9: =(Table1[[#This Row],[Coating weight (mg)]]/1000)/(((Table1[[#This Row],[Electrode Thickness(µm)]]-Constants!$E$4)*10^-4)*Constants!$C$4) -> -12.684672
A10: 11622 | B10: 51_05_06 | C10: CQA-1002 | D10: Production | E10: 23.6 | G10: 12.7 | H10: =Table1[[#This Row],[Total electrode weight (mg)]] - IF(ROW()<40, Constants!$B$2 * PI()*(Table1[[#This Row],[Electrode Diameter(mm)]]/(10*2))^2, Constants!$B$4 * PI()*(Table1[[#This Row],[Electrode Diameter(mm)]]/(10*2))^2) -> 18.482254 | I10: =IF(D10="", "", IF(D10="RnD", H10*0.85, IF(D10="Production", H10*0.93, "Invalid"))) -> 17.188497 | J10: =Table1[[#This Row],[Coating weight (mg)]]/Constants!$C$2 -> 14.590078 | K10: =(Table1[[#This Row],[Coating weight (mg)]]/1000)/(((Table1[[#This Row],[Electrode Thickness(µm)]]-Constants!$E$4)*10^-4)*Constants!$C$4) -> -12.158399
A11: 11623 | B11: 51_05_07 | C11: CQA-1002 | D11: Production | E11: 23.9 | G11: 12.7 | H11: =Table1[[#This Row],[Total electrode weight (mg)]] - IF(ROW()<40, Constants!$B$2 * PI()*(Table1[[#This Row],[Electrode Diameter(mm)]]/(10*2))^2, Constants!$B$4 * PI()*(Table1[[#This Row],[Electrode Diameter(mm)]]/(10*2))^2) -> 18.782254 | I11: =IF(D11="", "", IF(D11="RnD", H11*0.85, IF(D11="Production", H11*0.93, "Invalid"))) -> 17.467497 | J11: =Table1[[#This Row],[Coating weight (mg)]]/Constants!$C$2 -> 14.826901 | K11: =(Table1[[#This Row],[Coating weight (mg)]]/1000)/(((Table1[[#This Row],[Electrode Thickness(µm)]]-Constants!$E$4)*10^-4)*Constants!$C$4) -> -12.355751
A12: 11624 | B12: 51_02_07 | C12: CQA-1002 | D12: Production | E12: 23.3 | G12: 12.7 | H12: =Table1[[#This Row],[Total electrode weight (mg)]] - IF(ROW()<40, Constants!$B$2 * PI()*(Table1[[#This Row],[Electrode Diameter(mm)]]/(10*2))^2, Constants!$B$4 * PI()*(Table1[[#This Row],[Electrode Diameter(mm)]]/(10*2))^2) -> 18.182254 | I12: =IF(D12="", "", IF(D12="RnD", H12*0.85, IF(D12="Production", H12*0.93, "Invalid"))) -> 16.909497 | J12: =Table1[[#This Row],[Coating weight (mg)]]/Constants!$C$2 -> 14.353255 | K12: =(Table1[[#This Row],[Coating weight (mg)]]/1000)/(((Table1[[#This Row],[Electrode Thickness(µm)]]-Constants!$E$4)*10^-4)*Constants!$C$4) -> -11.961046
A13: 11625 | B13: 51_03_03 | C13: CQA-1002 | D13: Production | E13: 24.2 | G13: 12.7 | H13: =Table1[[#This Row],[Total electrode weight (mg)]] - IF(ROW()<40, Constants!$B$2 * PI()*(Table1[[#This Row],[Electrode Diameter(mm)]]/(10*2))^2, Constants!$B$4 * PI()*(Table1[[#This Row],[Electrode Diameter(mm)]]/(10*2))^2) -> 19.082254 | I13: =IF(D13="", "", IF(D13="RnD", H13*0.85, IF(D13="Production", H13*0.93, "Invalid"))) -> 17.746497 | J13: =Table1[[#This Row],[Coating weight (mg)]]/Constants!$C$2 -> 15.063724 | K13: =(Table1[[#This Row],[Coating weight (mg)]]/1000)/(((Table1[[#This Row],[Electrode Thickness(µm)]]-Constants!$E$4)*10^-4)*Constants!$C$4) -> -12.553104
A14: 11644 | B14: 51_08_01 | C14: CQA-1030 | D14: Production | E14: 24.1 | G14: 12.7 | H14: =Table1[[#This Row],[Total electrode weight (mg)]] - IF(ROW()<40, Constants!$B$2 * PI()*(Table1[[#This Row],[Electrode Diameter(mm)]]/(10*2))^2, Constants!$B$4 * PI()*(Table1[[#This Row],[Electrode Diameter(mm)]]/(10*2))^2) -> 18.982254 | I14: =IF(D14="", "", IF(D14="RnD", H14*0.85, IF(D14="Production", H14*0.93, "Invalid"))) -> 17.653497 | J14: =Table1[[#This Row],[Coating weight (mg)]]/Constants!$C$2 -> 14.984783 | K14: =(Table1[[#This Row],[Coating weight (mg)]]/1000)/(((Table1[[#This Row],[Electrode Thickness(µm)]]-Constants!$E$4)*10^-4)*Constants!$C$4) -> -12.487319
A15: 11645 | B15: 51_08_02 | C15: CQA-1030 | D15: Production | E15: 23.6 | G15: 12.7 | H15: =Table1[[#This Row],[Total electrode weight (mg)]] - IF(ROW()<40, Constants!$B$2 * PI()*(Table1[[#This Row],[Electrode Diameter(mm)]]/(10*2))^2, Constants!$B$4 * PI()*(Table1[[#This Row],[Electrode Diameter(mm)]]/(10*2))^2) -> 18.482254 | I15: =IF(D15="", "", IF(D15="RnD", H15*0.85, IF(D15="Production", H15*0.93, "Invalid"))) -> 17.188497 | J15: =Table1[[#This Row],[Coating weight (mg)]]/Constants!$C$2 -> 14.590078 | K15: =(Table1[[#This Row],[Coating weight (mg)]]/1000)/(((Table1[[#This Row],[Electrode Thickness(µm)]]-Constants!$E$4)*10^-4)*Constants!$C$4) -> -12.158399
A16: 11646 | B16: 51_08_03 | C16: CQA-1030 | D16: Production | E16: 23.3 | G16: 12.7 | H16: =Table1[[#This Row],[Total electrode weight (mg)]] - IF(ROW()<40, Constants!$B$2 * PI()*(Table1[[#This Row],[Electrode Diameter(mm)]]/(10*2))^2, Constants!$B$4 * PI()*(Table1[[#This Row],[Electrode Diameter(mm)]]/(10*2))^2) -> 18.182254 | I16: =IF(D16="", "", IF(D16="RnD", H16*0.85, IF(D16="Production", H16*0.93, "Invalid"))) -> 16.909497 | J16: =Table1[[#This Row],[Coating weight (mg)]]/Constants!$C$2 -> 14.353255 | K16: =(Table1[[#This Row],[Coating weight (mg)]]/1000)/(((Table1[[#This Row],[Electrode Thickness(µm)]]-Constants!$E$4)*10^-4)*Constants!$C$4) -> -11.961046
A17: 11647 | B17: 51_08_04 | C17: CQA-1030 | D17: Production | E17: 24 | G17: 12.7 | H17: =Table1[[#This Row],[Total electrode weight (mg)]] - IF(ROW()<40, Constants!$B$2 * PI()*(Table1[[#This Row],[Electrode Diameter(mm)]]/(10*2))^2, Constants!$B$4 * PI()*(Table1[[#This Row],[Electrode Diameter(mm)]]/(10*2))^2) -> 18.882254 | I17: =IF(D17="", "", IF(D17="RnD", H17*0.85, IF(D17="Production", H17*0.93, "Invalid"))) -> 17.560497 | J17: =Table1[[#This Row],[Coating weight (mg)]]/Constants!$C$2 -> 14.905842 | K17: =(Table1[[#This Row],[Coating weight (mg)]]/1000)/(((Table1[[#This Row],[Electrode Thickness(µm)]]-Constants!$E$4)*10^-4)*Constants!$C$4) -> -12.421535
A18: 11668 | B18: 51_02_07 | C18: CQA-1003 | D18: Production | E18: 41.1 | G18: 12.7 | H18: =Table1[[#This Row],[Total electrode weight (mg)]] - IF(ROW()<40, Constants!$B$2 * PI()*(Table1[[#This Row],[Electrode Diameter(mm)]]/(10*2))^2, Constants!$B$4 * PI()*(Table1[[#This Row],[Electrode Diameter(mm)]]/(10*2))^2) -> 35.982254 | I18: =IF(D18="", "", IF(D18="RnD", H18*0.85, IF(D18="Production", H18*0.93, "Invalid"))) -> 33.463497 | J18: =Table1[[#This Row],[Coating weight (mg)]]/Constants!$C$2 -> 28.404755 | K18: =(Table1[[#This Row],[Coating weight (mg)]]/1000)/(((Table1[[#This Row],[Electrode Thickness(µm)]]-Constants!$E$4)*10^-4)*Constants!$C$4) -> -23.670629
A19: 11669 | B19: 51_05_01 | C19: CQA-1003 | D19: Production | E19: 43.7 | G19: 12.7 | H19: =Table1[[#This Row],[Total electrode weight (mg)]] - IF(ROW()<40, Constants!$B$2 * PI()*(Table1[[#This Row],[Electrode Diameter(mm)]]/(10*2))^2, Constants!$B$4 * PI()*(Table1[[#This Row],[Electrode Diameter(mm)]]/(10*2))^2) -> 38.582254 | I19: =IF(D19="", "", IF(D19="RnD", H19*0.85, IF(D19="Production", H19*0.93, "Invalid"))) -> 35.881497 | J19: =Table1[[#This Row],[Coating weight (mg)]]/Constants!$C$2 -> 30.457221 | K19: =(Table1[[#This Row],[Coating weight (mg)]]/1000)/(((Table1[[#This Row],[Electrode Thickness(µm)]]-Constants!$E$4)*10^-4)*Constants!$C$4) -> -25.381018
A20: 11670 | B20: 51_10_07 | C20: CQA-1003 | D20: Production | E20: 42.3 | G20: 12.7 | H20: =Table1[[#This Row],[Total electrode weight (mg)]] - IF(ROW()<40, Constants!$B$2 * PI()*(Table1[[#This Row],[Electrode Diameter(mm)]]/(10*2))^2, Constants!$B$4 * PI()*(Table1[[#This Row],[Electrode Diameter(mm)]]/(10*2))^2) -> 37.182254 | I20: =IF(D20="", "", IF(D20="RnD", H20*0.85, IF(D20="Production", H20*0.93, "Invalid"))) -> 34.579497 | J20: =Table1[[#This Row],[Coating weight (mg)]]/Constants!$C$2 -> 29.352047 | K20: =(Table1[[#This Row],[Coating weight (mg)]]/1000)/(((Table1[[#This Row],[Electrode Thickness(µm)]]-Constants!$E$4)*10^-4)*Constants!$C$4) -> -24.460039
... A37: 11687 | B37: 51_07_06 | C37: UKP250101 | D37: Production | E37: 22.5 | G37: 12.7 | H37: =Table1[[#This Row],[Total electrode weight (mg)]] - IF(ROW()<40, Constants!$B$2 * PI()*(Table1[[#This Row],[Electrode Diameter(mm)]]/(10*2))^2, Constants!$B$4 * PI()*(Table1[[#This Row],[Electrode Diameter(mm)]]/(10*2))^2) -> 17.382254 | I37: =IF(D37="", "", IF(D37="RnD", H37*0.85, IF(D37="Production", H37*0.93, "Invalid"))) -> 16.165497 | J37: =Table1[[#This Row],[Coating weight (mg)]]/Constants!$C$2 -> 13.721727 | K37: =(Table1[[#This Row],[Coating weight (mg)]]/1000)/(((Table1[[#This Row],[Electrode Thickness(µm)]]-Constants!$E$4)*10^-4)*Constants!$C$4) -> -11.434773
A38: 11692 | B38: 51_08_01 | C38: CQA-1026 | E38: 10 | G38: 12.7 | H38: =Table1[[#This Row],[Total electrode weight (mg)]] - IF(ROW()<40, Constants!$B$2 * PI()*(Table1[[#This Row],[Electrode Diameter(mm)]]/(10*2))^2, Constants!$B$4 * PI()*(Table1[[#This Row],[Electrode Diameter(mm)]]/(10*2))^2) -> 4.8822545 | I38: =IF(D38="", "", IF(D38="RnD", H38*0.85, IF(D38="Production", H38*0.93, "Invalid"))) | J38: =Table1[[#This Row],[Coating weight (mg)]]/Constants!$C$2 -> 3.854101 | K38: =(Table1[[#This Row],[Coating weight (mg)]]/1000)/(((Table1[[#This Row],[Electrode Thickness(µm)]]-Constants!$E$4)*10^-4)*Constants!$C$4) -> -3.2117508
A39: 11693 | B39: 51_08_04 | E39: 24.2 | G39: 12.7 | H39: =Table1[[#This Row],[Total electrode weight (mg)]] - IF(ROW()<40, Constants!$B$2 * PI()*(Table1[[#This Row],[Electrode Diameter(mm)]]/(10*2))^2, Constants!$B$4 * PI()*(Table1[[#This Row],[Electrode Diameter(mm)]]/(10*2))^2) -> 19.082254 | I39: =IF(D39="", "", IF(D39="RnD", H39*0.85, IF(D39="Production", H39*0.93, "Invalid"))) | J39: =Table1[[#This Row],[Coating weight (mg)]]/Constants!$C$2 -> 15.063724 | K39: =(Table1[[#This Row],[Coating weight (mg)]]/1000)/(((Table1[[#This Row],[Electrode Thickness(µm)]]-Constants!$E$4)*10^-4)*Constants!$C$4) -> -12.553104
A40: 11697 | B40: 51_04_02 | C40: UKP250201 | D40: Production | E40: 20.7 | G40: 12.7 | H40: =Table1[[#This Row],[Total electrode weight (mg)]] - IF(ROW()<40, Constants!$B$2 * PI()*(Table1[[#This Row],[Electrode Diameter(mm)]]/(10*2))^2, Constants!$B$4 * PI()*(Table1[[#This Row],[Electrode Diameter(mm)]]/(10*2))^2) -> 16.645073 | I40: =IF(D40="", "", IF(D40="RnD", H40*0.85, IF(D40="Production", H40*0.93, "Invalid"))) -> 15.479918 | J40: =Table1[[#This Row],[Coating weight (mg)]]/Constants!$C$2 -> 13.139789 | K40: =(Table1[[#This Row],[Coating weight (mg)]]/1000)/(((Table1[[#This Row],[Electrode Thickness(µm)]]-Constants!$E$4)*10^-4)*Constants!$C$4) -> -10.949824
A41: 11698 | B41: 51_05_04 | C41: UKP250201 | D41: Production | E41: 20.7 | G41: 12.7 | H41: =Table1[[#This Row],[Total electrode weight (mg)]] - IF(ROW()<40, Constants!$B$2 * PI()*(Table1[[#This Row],[Electrode Diameter(mm)]]/(10*2))^2, Constants!$B$4 * PI()*(Table1[[#This Row],[Electrode Diameter(mm)]]/(10*2))^2) -> 16.645073 | I41: =IF(D41="", "", IF(D41="RnD", H41*0.85, IF(D41="Production", H41*0.93, "Invalid"))) -> 15.479918 | J41: =Table1[[#This Row],[Coating weight (mg)]]/Constants!$C$2 -> 13.139789 | K41: =(Table1[[#This Row],[Coating weight (mg)]]/1000)/(((Table1[[#This Row],[Electrode Thickness(µm)]]-Constants!$E$4)*10^-4)*Constants!$C$4) -> -10.949824
A42: 11699 | B42: 51_06_08 | C42: UKP250201 | D42: Production | E42: 20.9 | G42: 12.7 | H42: =Table1[[#This Row],[Total electrode weight (mg)]] - IF(ROW()<40, Constants!$B$2 * PI()*(Table1[[#This Row],[Electrode Diameter(mm)]]/(10*2))^2, Constants!$B$4 * PI()*(Table1[[#This Row],[Electrode Diameter(mm)]]/(10*2))^2) -> 16.845073 | I42: =IF(D42="", "", IF(D42="RnD", H42*0.85, IF(D42="Production", H42*0.93, "Invalid"))) -> 15.665918 | J42: =Table1[[#This Row],[Coating weight (mg)]]/Constants!$C$2 -> 13.297671 | K42: =(Table1[[#This Row],[Coating weight (mg)]]/1000)/(((Table1[[#This Row],[Electrode Thickness(µm)]]-Constants!$E$4)*10^-4)*Constants!$C$4) -> -11.081393
A43: 11700 | B43: 51_09_03 | C43: UKP250201 | D43: Production | E43: 20.6 | G43: 12.7 | H43: =Table1[[#This Row],[Total electrode weight (mg)]] - IF(ROW()<40, Constants!$B$2 * PI()*(Table1[[#This Row],[Electrode Diameter(mm)]]/(10*2))^2, Constants!$B$4 * PI()*(Table1[[#This Row],[Electrode Diameter(mm)]]/(10*2))^2) -> 16.545073 | I43: =IF(D43="", "", IF(D43="RnD", H43*0.85, IF(D43="Production", H43*0.93, "Invalid"))) -> 15.386918 | J43: =Table1[[#This Row],[Coating weight (mg)]]/Constants!$C$2 -> 13.060848 | K43: =(Table1[[#This Row],[Coating weight (mg)]]/1000)/(((Table1[[#This Row],[Electrode Thickness(µm)]]-Constants!$E$4)*10^-4)*Constants!$C$4) -> -10.88404
A44: 11701 | B44: 51_07_01 | C44: UKP250201 | D44: Production | E44: 19.8 | G44: 12.7 | H44: =Table1[[#This Row],[Total electrode weight (mg)]] - IF(ROW()<40, Constants!$B$2 * PI()*(Table1[[#This Row],[Electrode Diameter(mm)]]/(10*2))^2, Constants!$B$4 * PI()*(Table1[[#This Row],[Electrode Diameter(mm)]]/(10*2))^2) -> 15.745073 | I44: =IF(D44="", "", IF(D44="RnD", H44*0.85, IF(D44="Production", H44*0.93, "Invalid"))) -> 14.642918 | J44: =Table1[[#This Row],[Coating weight (mg)]]/Constants!$C$2 -> 12.42932 | K44: =(Table1[[#This Row],[Coating weight (mg)]]/1000)/(((Table1[[#This Row],[Electrode Thickness(µm)]]-Constants!$E$4)*10^-4)*Constants!$C$4) -> -10.357767
A45: 11702 | B45: 51_07_02 | C45: UKP250201 | D45: Production | E45: 22 | G45: 12.7 | H45: =Table1[[#This Row],[Total electrode weight (mg)]] - IF(ROW()<40, Constants!$B$2 * PI()*(Table1[[#This Row],[Electrode Diameter(mm)]]/(10*2))^2, Constants!$B$4 * PI()*(Table1[[#This Row],[Electrode Diameter(mm)]]/(10*2))^2) -> 17.945073 | I45: =IF(D45="", "", IF(D45="RnD", H45*0.85, IF(D45="Production", H45*0.93, "Invalid"))) -> 16.688918 | J45: =Table1[[#This Row],[Coating weight (mg)]]/Constants!$C$2 -> 14.166022 | K45: =(Table1[[#This Row],[Coating weight (mg)]]/1000)/(((Table1[[#This Row],[Electrode Thickness(µm)]]-Constants!$E$4)*10^-4)*Constants!$C$4) -> -11.805018
A46: 11703 | B46: 51_07-03 | C46: UKP250201 | D46: Production | E46: 21.9 | G46: 12.7 | H46: =Table1[[#This Row],[Total electrode weight (mg)]] - IF(ROW()<40, Constants!$B$2 * PI()*(Table1[[#This Row],[Electrode Diameter(mm)]]/(10*2))^2, Constants!$B$4 * PI()*(Table1[[#This Row],[Electrode Diameter(mm)]]/(10*2))^2) -> 17.845073 | I46: =IF(D46="", "", IF(D46="RnD", H46*0.85, IF(D46="Production", H46*0.93, "Invalid"))) -> 16.595918 | J46: =Table1[[#This Row],[Coating weight (mg)]]/Constants!$C$2 -> 14.087081 | K46: =(Table1[[#This Row],[Coating weight (mg)]]/1000)/(((Table1[[#This Row],[Electrode Thickness(µm)]]-Constants!$E$4)*10^-4)*Constants!$C$4) -> -11.739234
A47: 11707 | B47: 51_07-04 | C47: QD-600L-241204 | D47: Production | E47: 21 | G47: 12.7 | H47: =Table1[[#This Row],[Total electrode weight (mg)]] - IF(ROW()<40, Constants!$B$2 * PI()*(Table1[[#This Row],[Electrode Diameter(mm)]]/(10*2))^2, Constants!$B$4 * PI()*(Table1[[#This Row],[Electrode Diameter(mm)]]/(10*2))^2) -> 16.945073 | I47: =IF(D47="", "", IF(D47="RnD", H47*0.85, IF(D47="Production", H47*0.93, "Invalid"))) -> 15.758918 | J47: =Table1[[#This Row],[Coating weight (mg)]]/Constants!$C$2 -> 13.376612 | K47: =(Table1[[#This Row],[Coating weight (mg)]]/1000)/(((Table1[[#This Row],[Electrode Thickness(µm)]]-Constants!$E$4)*10^-4)*Constants!$C$4) -> -11.147177
A48: 11708 | B48: 51_07-05 | C48: QD-600L-241204 | D48: Production | E48: 22.7 | G48: 12.7 | H48: =Table1[[#This Row],[Total electrode weight (mg)]] - IF(ROW()<40, Constants!$B$2 * PI()*(Table1[[#This Row],[Electrode Diameter(mm)]]/(10*2))^2, Constants!$B$4 * PI()*(Table1[[#This Row],[Electrode Diameter(mm)]]/(10*2))^2) -> 18.645073 | I48: =IF(D48="", "", IF(D48="RnD", H48*0.85, IF(D48="Production", H48*0.93, "Invalid"))) -> 17.339918 | J48: =Table1[[#This Row],[Coating weight (mg)]]/Constants!$C$2 -> 14.718609 | K48: =(Table1[[#This Row],[Coating weight (mg)]]/1000)/(((Table1[[#This Row],[Electrode Thickness(µm)]]-Constants!$E$4)*10^-4)*Constants!$C$4) -> -12.265508
A49: 11709 | B49: 51_07-06 | C49: QD-600L-241204 | D49: Production | E49: 21.9 | G49: 12.7 | H49: =Table1[[#This Row],[Total electrode weight (mg)]] - IF(ROW()<40, Constants!$B$2 * PI()*(Table1[[#This Row],[Electrode Diameter(mm)]]/(10*2))^2, Constants!$B$4 * PI()*(Table1[[#This Row],[Electrode Diameter(mm)]]/(10*2))^2) -> 17.845073 | I49: =IF(D49="", "", IF(D49="RnD", H49*0.85, IF(D49="Production", H49*0.93, "Invalid"))) -> 16.595918 | J49: =Table1[[#This Row],[Coating weight (mg)]]/Constants!$C$2 -> 14.087081 | K49: =(Table1[[#This Row],[Coating weight (mg)]]/1000)/(((Table1[[#This Row],[Electrode Thickness(µm)]]-Constants!$E$4)*10^-4)*Constants!$C$4) -> -11.739234
A50: 11710 | B50: 51_07-07 | C50: QD-600L-241204 | D50: Production | E50: 21.3 | G50: 12.7 | H50: =Table1[[#This Row],[Total electrode weight (mg)]] - IF(ROW()<40, Constants!$B$2 * PI()*(Table1[[#This Row],[Electrode Diameter(mm)]]/(10*2))^2, Constants!$B$4 * PI()*(Table1[[#This Row],[Electrode Diameter(mm)]]/(10*2))^2) -> 17.245073 | I50: =IF(D50="", "", IF(D50="RnD", H50*0.85, IF(D50="Production", H50*0.93, "Invalid"))) -> 16.037918 | J50: =Table1[[#This Row],[Coating weight (mg)]]/Constants!$C$2 -> 13.613435 | K50: =(Table1[[#This Row],[Coating weight (mg)]]/1000)/(((Table1[[#This Row],[Electrode Thickness(µm)]]-Constants!$E$4)*10^-4)*Constants!$C$4) -> -11.344529
A51: 11714 | B51: 51_07_01 | C51: UKP250202 | D51: Production | E51: 21.1 | G51: 12.7 | H51: =Table1[[#This Row],[Total electrode weight (mg)]] - IF(ROW()<40, Constants!$B$2 * PI()*(Table1[[#This Row],[Electrode Diameter(mm)]]/(10*2))^2, Constants!$B$4 * PI()*(Table1[[#This Row],[Electrode Diameter(mm)]]/(10*2))^2) -> 17.045073 | I51: =IF(D51="", "", IF(D51="RnD", H51*0.85, IF(D51="Production", H51*0.93, "Invalid"))) -> 15.851918 | J51: =Table1[[#This Row],[Coating weight (mg)]]/Constants!$C$2 -> 13.455553 | K51: =(Table1[[#This Row],[Coating weight (mg)]]/1000)/(((Table1[[#This Row],[Electrode Thickness(µm)]]-Constants!$E$4)*10^-4)*Constants!$C$4) -> -11.212961
... A87: 11820 | B87: 20_04_01 | C87: FPP-02-Mn-I | D87: RnD | E87: 21 | G87: 12.7 | H87: =Table1[[#This Row],[Total electrode weight (mg)]] - IF(ROW()<40, Constants!$B$2 * PI()*(Table1[[#This Row],[Electrode Diameter(mm)]]/(10*2))^2, Constants!$B$4 * PI()*(Table1[[#This Row],[Electrode Diameter(mm)]]/(10*2))^2) -> 16.945073 | I87: =IF(D87="", "", IF(D87="RnD", H87*0.85, IF(D87="Production", H87*0.93, "Invalid"))) -> 14.403312 | J87: =Table1[[#This Row],[Coating weight (mg)]]/Constants!$C$2 -> 13.376612 | K87: =(Table1[[#This Row],[Coating weight (mg)]]/1000)/(((Table1[[#This Row],[Electrode Thickness(µm)]]-Constants!$E$4)*10^-4)*Constants!$C$4) -> -11.147177
A88: 11821 | C88: FPP-02-Mn-I | D88: RnD | E88: 20.1 | G88: 12.7 | H88: =Table1[[#This Row],[Total electrode weight (mg)]] - IF(ROW()<40, Constants!$B$2 * PI()*(Table1[[#This Row],[Electrode Diameter(mm)]]/(10*2))^2, Constants!$B$4 * PI()*(Table1[[#This Row],[Electrode Diameter(mm)]]/(10*2))^2) -> 16.045073 | I88: =IF(D88="", "", IF(D88="RnD", H88*0.85, IF(D88="Production", H88*0.93, "Invalid"))) -> 13.638312 | J88: =Table1[[#This Row],[Coating weight (mg)]]/Constants!$C$2 -> 12.666143 | K88: =(Table1[[#This Row],[Coating weight (mg)]]/1000)/(((Table1[[#This Row],[Electrode Thickness(µm)]]-Constants!$E$4)*10^-4)*Constants!$C$4) -> -10.555119
A89: 11822 | B89: 20_04_03 | C89: FPP-02-Mn-I | D89: RnD | E89: 19.2 | G89: 12.7 | H89: =Table1[[#This Row],[Total electrode weight (mg)]] - IF(ROW()<40, Constants!$B$2 * PI()*(Table1[[#This Row],[Electrode Diameter(mm)]]/(10*2))^2, Constants!$B$4 * PI()*(Table1[[#This Row],[Electrode Diameter(mm)]]/(10*2))^2) -> 15.145073 | I89: =IF(D89="", "", IF(D89="RnD", H89*0.85, IF(D89="Production", H89*0.93, "Invalid"))) -> 12.873312 | J89: =Table1[[#This Row],[Coating weight (mg)]]/Constants!$C$2 -> 11.955674 | K89: =(Table1[[#This Row],[Coating weight (mg)]]/1000)/(((Table1[[#This Row],[Electrode Thickness(µm)]]-Constants!$E$4)*10^-4)*Constants!$C$4) -> -9.9630615
A90: 11823 | B90: 20_04_04 | C90: FPP-02-Mn-I | D90: RnD | E90: 20.8 | G90: 12.7 | H90: =Table1[[#This Row],[Total electrode weight (mg)]] - IF(ROW()<40, Constants!$B$2 * PI()*(Table1[[#This Row],[Electrode Diameter(mm)]]/(10*2))^2, Constants!$B$4 * PI()*(Table1[[#This Row],[Electrode Diameter(mm)]]/(10*2))^2) -> 16.745073 | I90: =IF(D90="", "", IF(D90="RnD", H90*0.85, IF(D90="Production", H90*0.93, "Invalid"))) -> 14.233312 | J90: =Table1[[#This Row],[Coating weight (mg)]]/Constants!$C$2 -> 13.21873 | K90: =(Table1[[#This Row],[Coating weight (mg)]]/1000)/(((Table1[[#This Row],[Electrode Thickness(µm)]]-Constants!$E$4)*10^-4)*Constants!$C$4) -> -11.015608
A91: 11824 | B91: 51_03_03 | C91: UKP250302 | D91: Production | E91: 24.5 | G91: 12.7 | H91: =Table1[[#This Row],[Total electrode weight (mg)]] - IF(ROW()<40, Constants!$B$2 * PI()*(Table1[[#This Row],[Electrode Diameter(mm)]]/(10*2))^2, Constants!$B$4 * PI()*(Table1[[#This Row],[Electrode Diameter(mm)]]/(10*2))^2) -> 20.445073 | I91: =IF(D91="", "", IF(D91="RnD", H91*0.85, IF(D91="Production", H91*0.93, "Invalid"))) -> 19.013918 | J91: =Table1[[#This Row],[Coating weight (mg)]]/Constants!$C$2 -> 16.139547 | K91: =(Table1[[#This Row],[Coating weight (mg)]]/1000)/(((Table1[[#This Row],[Electrode Thickness(µm)]]-Constants!$E$4)*10^-4)*Constants!$C$4) -> -13.449623
A92: 11825 | B92: 51_07_01 | C92: UKP250302 | D92: Production | E92: 24.2 | G92: 12.7 | H92: =Table1[[#This Row],[Total electrode weight (mg)]] - IF(ROW()<40, Constants!$B$2 * PI()*(Table1[[#This Row],[Electrode Diameter(mm)]]/(10*2))^2, Constants!$B$4 * PI()*(Table1[[#This Row],[Electrode Diameter(mm)]]/(10*2))^2) -> 20.145073 | I92: =IF(D92="", "", IF(D92="RnD", H92*0.85, IF(D92="Production", H92*0.93, "Invalid"))) -> 18.734918 | J92: =Table1[[#This Row],[Coating weight (mg)]]/Constants!$C$2 -> 15.902724 | K92: =(Table1[[#This Row],[Coating weight (mg)]]/1000)/(((Table1[[#This Row],[Electrode Thickness(µm)]]-Constants!$E$4)*10^-4)*Constants!$C$4) -> -13.25227
A93: 11826 | B93: 51_07_02 | C93: UKP250302 | D93: Production | E93: 23.8 | G93: 12.7 | H93: =Table1[[#This Row],[Total electrode weight (mg)]] - IF(ROW()<40, Constants!$B$2 * PI()*(Table1[[#This Row],[Electrode Diameter(mm)]]/(10*2))^2, Constants!$B$4 * PI()*(Table1[[#This Row],[Electrode Diameter(mm)]]/(10*2))^2) -> 19.745073 | I93: =IF(D93="", "", IF(D93="RnD", H93*0.85, IF(D93="Production", H93*0.93, "Invalid"))) -> 18.362918 | J93: =Table1[[#This Row],[Coating weight (mg)]]/Constants!$C$2 -> 15.58696 | K93: =(Table1[[#This Row],[Coating weight (mg)]]/1000)/(((Table1[[#This Row],[Electrode Thickness(µm)]]-Constants!$E$4)*10^-4)*Constants!$C$4) -> -12.989134
A94: 11827 | B94: 51_07_03 | C94: UKP250302 | D94: Production | E94: 22.8 | G94: 12.7 | H94: =Table1[[#This Row],[Total electrode weight (mg)]] - IF(ROW()<40, Constants!$B$2 * PI()*(Table1[[#This Row],[Electrode Diameter(mm)]]/(10*2))^2, Constants!$B$4 * PI()*(Table1[[#This Row],[Electrode Diameter(mm)]]/(10*2))^2) -> 18.745073 | I94: =IF(D94="", "", IF(D94="RnD", H94*0.85, IF(D94="Production", H94*0.93, "Invalid"))) -> 17.432918 | J94: =Table1[[#This Row],[Coating weight (mg)]]/Constants!$C$2 -> 14.79755 | K94: =(Table1[[#This Row],[Coating weight (mg)]]/1000)/(((Table1[[#This Row],[Electrode Thickness(µm)]]-Constants!$E$4)*10^-4)*Constants!$C$4) -> -12.331292
A95: 11828 | B95: 51_06_01 | C95: UKP250301-2nd | D95: Production | E95: 21.1 | G95: 12.7 | H95: =Table1[[#This Row],[Total electrode weight (mg)]] - IF(ROW()<40, Constants!$B$2 * PI()*(Table1[[#This Row],[Electrode Diameter(mm)]]/(10*2))^2, Constants!$B$4 * PI()*(Table1[[#This Row],[Electrode Diameter(mm)]]/(10*2))^2) -> 17.045073 | I95: =IF(D95="", "", IF(D95="RnD", H95*0.85, IF(D95="Production", H95*0.93, "Invalid"))) -> 15.851918 | J95: =Table1[[#This Row],[Coating weight (mg)]]/Constants!$C$2 -> 13.455553 | K95: =(Table1[[#This Row],[Coating weight (mg)]]/1000)/(((Table1[[#This Row],[Electrode Thickness(µm)]]-Constants!$E$4)*10^-4)*Constants!$C$4) -> -11.212961
A96: 11829 | B96: 51_06_02 | C96: UKP250301-2nd | D96: Production | E96: 21.4 | G96: 12.7 | H96: =Table1[[#This Row],[Total electrode weight (mg)]] - IF(ROW()<40, Constants!$B$2 * PI()*(Table1[[#This Row],[Electrode Diameter(mm)]]/(10*2))^2, Constants!$B$4 * PI()*(Table1[[#This Row],[Electrode Diameter(mm)]]/(10*2))^2) -> 17.345073 | I96: =IF(D96="", "", IF(D96="RnD", H96*0.85, IF(D96="Production", H96*0.93, "Invalid"))) -> 16.130918 | J96: =Table1[[#This Row],[Coating weight (mg)]]/Constants!$C$2 -> 13.692376 | K96: =(Table1[[#This Row],[Coating weight (mg)]]/1000)/(((Table1[[#This Row],[Electrode Thickness(µm)]]-Constants!$E$4)*10^-4)*Constants!$C$4) -> -11.410313
A97: 11830 | B97: 51_06_08 | C97: UKP250301-2nd | D97: Production | E97: 21.3 | G97: 12.7 | H97: =Table1[[#This Row],[Total electrode weight (mg)]] - IF(ROW()<40, Constants!$B$2 * PI()*(Table1[[#This Row],[Electrode Diameter(mm)]]/(10*2))^2, Constants!$B$4 * PI()*(Table1[[#This Row],[Electrode Diameter(mm)]]/(10*2))^2) -> 17.245073 | I97: =IF(D97="", "", IF(D97="RnD", H97*0.85, IF(D97="Production", H97*0.93, "Invalid"))) -> 16.037918 | J97: =Table1[[#This Row],[Coating weight (mg)]]/Constants!$C$2 -> 13.613435 | K97: =(Table1[[#This Row],[Coating weight (mg)]]/1000)/(((Table1[[#This Row],[Electrode Thickness(µm)]]-Constants!$E$4)*10^-4)*Constants!$C$4) -> -11.344529
A98: 11831 | B98: 51_08_05 | C98: UKP250301-2nd | D98: Production | E98: 21.8 | G98: 12.7 | H98: =Table1[[#This Row],[Total electrode weight (mg)]] - IF(ROW()<40, Constants!$B$2 * PI()*(Table1[[#This Row],[Electrode Diameter(mm)]]/(10*2))^2, Constants!$B$4 * PI()*(Table1[[#This Row],[Electrode Diameter(mm)]]/(10*2))^2) -> 17.745073 | I98: =IF(D98="", "", IF(D98="RnD", H98*0.85, IF(D98="Production", H98*0.93, "Invalid"))) -> 16.502918 | J98: =Table1[[#This Row],[Coating weight (mg)]]/Constants!$C$2 -> 14.00814 | K98: =(Table1[[#This Row],[Coating weight (mg)]]/1000)/(((Table1[[#This Row],[Electrode Thickness(µm)]]-Constants!$E$4)*10^-4)*Constants!$C$4) -> -11.67345
A99: 11832 | B99: 51_08_06 | C99: UKP250301-2nd | D99: Production | E99: 21.5 | G99: 12.7 | H99: =Table1[[#This Row],[Total electrode weight (mg)]] - IF(ROW()<40, Constants!$B$2 * PI()*(Table1[[#This Row],[Electrode Diameter(mm)]]/(10*2))^2, Constants!$B$4 * PI()*(Table1[[#This Row],[Electrode Diameter(mm)]]/(10*2))^2) -> 17.445073 | I99: =IF(D99="", "", IF(D99="RnD", H99*0.85, IF(D99="Production", H99*0.93, "Invalid"))) -> 16.223918 | J99: =Table1[[#This Row],[Coating weight (mg)]]/Constants!$C$2 -> 13.771317 | K99: =(Table1[[#This Row],[Coating weight (mg)]]/1000)/(((Table1[[#This Row],[Electrode Thickness(µm)]]-Constants!$E$4)*10^-4)*Constants!$C$4) -> -11.476098
A100: 11833 | B100: 51_08_01 | C100: G0-5-1-11-PB2 | D100: RnD | E100: 19.7 | G100: 12.7 | H100: =Table1[[#This Row],[Total electrode weight (mg)]] - IF(ROW()<40, Constants!$B$2 * PI()*(Table1[[#This Row],[Electrode Diameter(mm)]]/(10*2))^2, Constants!$B$4 * PI()*(Table1[[#This Row],[Electrode Diameter(mm)]]/(10*2))^2) -> 15.645073 | I100: =IF(D100="", "", IF(D100="RnD", H100*0.85, IF(D100="Production", H100*0.93, "Invalid"))) -> 13.298312 | J100: =Table1[[#This Row],[Coating weight (mg)]]/Constants!$C$2 -> 12.350379 | K100: =(Table1[[#This Row],[Coating weight (mg)]]/1000)/(((Table1[[#This Row],[Electrode Thickness(µm)]]-Constants!$E$4)*10^-4)*Constants!$C$4) -> -10.291982
... A184: 11966 | B184: 51_08_05 | C184: QD-660L-241206 | D184: RnD | E184: 16.2 | G184: 12.7 | H184: =Table1[[#This Row],[Total electrode weight (mg)]] - IF(ROW()<40, Constants!$B$2 * PI()*(Table1[[#This Row],[Electrode Diameter(mm)]]/(10*2))^2, Constants!$B$4 * PI()*(Table1[[#This Row],[Electrode Diameter(mm)]]/(10*2))^2) -> 12.145073 | I184: =IF(D184="", "", IF(D184="RnD", H184*0.85, IF(D184="Production", H184*0.93, "Invalid"))) -> 10.323312 | J184: =Table1[[#This Row],[Coating weight (mg)]]/Constants!$C$2 -> 9.5874436 | K184: =(Table1[[#This Row],[Coating weight (mg)]]/1000)/(((Table1[[#This Row],[Electrode Thickness(µm)]]-Constants!$E$4)*10^-4)*Constants!$C$4) -> -7.9895363
A185: 11967 | C185: UKP250401-5T | D185: Production | E185: 19.6 | F185: 101 | G185: 12.7 | H185: =Table1[[#This Row],[Total electrode weight (mg)]] - IF(ROW()<40, Constants!$B$2 * PI()*(Table1[[#This Row],[Electrode Diameter(mm)]]/(10*2))^2, Constants!$B$4 * PI()*(Table1[[#This Row],[Electrode Diameter(mm)]]/(10*2))^2) -> 15.545073 | I185: =IF(D185="", "", IF(D185="RnD", H185*0.85, IF(D185="Production", H185*0.93, "Invalid"))) -> 14.456918 | J185: =Table1[[#This Row],[Coating weight (mg)]]/Constants!$C$2 -> 12.271438 | K185: =(Table1[[#This Row],[Coating weight (mg)]]/1000)/(((Table1[[#This Row],[Electrode Thickness(µm)]]-Constants!$E$4)*10^-4)*Constants!$C$4) -> 1.3788132
A186: 11968 | C186: UKP250401-5T | D186: Production | E186: 19.7 | F186: 102 | G186: 12.7 | H186: =Table1[[#This Row],[Total electrode weight (mg)]] - IF(ROW()<40, Constants!$B$2 * PI()*(Table1[[#This Row],[Electrode Diameter(mm)]]/(10*2))^2, Constants!$B$4 * PI()*(Table1[[#This Row],[Electrode Diameter(mm)]]/(10*2))^2) -> 15.645073 | I186: =IF(D186="", "", IF(D186="RnD", H186*0.85, IF(D186="Production", H186*0.93, "Invalid"))) -> 14.549918 | J186: =Table1[[#This Row],[Coating weight (mg)]]/Constants!$C$2 -> 12.350379 | K186: =(Table1[[#This Row],[Coating weight (mg)]]/1000)/(((Table1[[#This Row],[Electrode Thickness(µm)]]-Constants!$E$4)*10^-4)*Constants!$C$4) -> 1.3722643
A187: 11969 | C187: UKP250401-5T | D187: Production | E187: 20.1 | F187: 102 | G187: 12.7 | H187: =Table1[[#This Row],[Total electrode weight (mg)]] - IF(ROW()<40, Constants!$B$2 * PI()*(Table1[[#This Row],[Electrode Diameter(mm)]]/(10*2))^2, Constants!$B$4 * PI()*(Table1[[#This Row],[Electrode Diameter(mm)]]/(10*2))^2) -> 16.045073 | I187: =IF(D187="", "", IF(D187="RnD", H187*0.85, IF(D187="Production", H187*0.93, "Invalid"))) -> 14.921918 | J187: =Table1[[#This Row],[Coating weight (mg)]]/Constants!$C$2 -> 12.666143 | K187: =(Table1[[#This Row],[Coating weight (mg)]]/1000)/(((Table1[[#This Row],[Electrode Thickness(µm)]]-Constants!$E$4)*10^-4)*Constants!$C$4) -> 1.4073492
A188: 11970 | C188: UKP250401-7T | D188: Production | E188: 19.7 | F188: 95 | G188: 12.7 | H188: =Table1[[#This Row],[Total electrode weight (mg)]] - IF(ROW()<40, Constants!$B$2 * PI()*(Table1[[#This Row],[Electrode Diameter(mm)]]/(10*2))^2, Constants!$B$4 * PI()*(Table1[[#This Row],[Electrode Diameter(mm)]]/(10*2))^2) -> 15.645073 | I188: =IF(D188="", "", IF(D188="RnD", H188*0.85, IF(D188="Production", H188*0.93, "Invalid"))) -> 14.549918 | J188: =Table1[[#This Row],[Coating weight (mg)]]/Constants!$C$2 -> 12.350379 | K188: =(Table1[[#This Row],[Coating weight (mg)]]/1000)/(((Table1[[#This Row],[Electrode Thickness(µm)]]-Constants!$E$4)*10^-4)*Constants!$C$4) -> 1.4879975
A189: 11971 | C189: UKP250401-7T | D189: Production | E189: 21 | F189: 103 | G189: 12.7 | H189: =Table1[[#This Row],[Total electrode weight (mg)]] - IF(ROW()<40, Constants!$B$2 * PI()*(Table1[[#This Row],[Electrode Diameter(mm)]]/(10*2))^2, Constants!$B$4 * PI()*(Table1[[#This Row],[Electrode Diameter(mm)]]/(10*2))^2) -> 16.945073 | I189: =IF(D189="", "", IF(D189="RnD", H189*0.85, IF(D189="Production", H189*0.93, "Invalid"))) -> 15.758918 | J189: =Table1[[#This Row],[Coating weight (mg)]]/Constants!$C$2 -> 13.376612 | K189: =(Table1[[#This Row],[Coating weight (mg)]]/1000)/(((Table1[[#This Row],[Electrode Thickness(µm)]]-Constants!$E$4)*10^-4)*Constants!$C$4) -> 1.4699574
A190: 11972 | C190: UKP250401-7T | D190: Production | E190: 19.4 | F190: 96 | G190: 12.7 | H190: =Table1[[#This Row],[Total electrode weight (mg)]] - IF(ROW()<40, Constants!$B$2 * PI()*(Table1[[#This Row],[Electrode Diameter(mm)]]/(10*2))^2, Constants!$B$4 * PI()*(Table1[[#This Row],[Electrode Diameter(mm)]]/(10*2))^2) -> 15.345073 | I190: =IF(D190="", "", IF(D190="RnD", H190*0.85, IF(D190="Production", H190*0.93, "Invalid"))) -> 14.270918 | J190: =Table1[[#This Row],[Coating weight (mg)]]/Constants!$C$2 -> 12.113556 | K190: =(Table1[[#This Row],[Coating weight (mg)]]/1000)/(((Table1[[#This Row],[Electrode Thickness(µm)]]-Constants!$E$4)*10^-4)*Constants!$C$4) -> 1.44209
A191: 11973 | C191: UKP250401-7T | D191: Production | E191: 21 | F191: 95 | G191: 12.7 | H191: =Table1[[#This Row],[Total electrode weight (mg)]] - IF(ROW()<40, Constants!$B$2 * PI()*(Table1[[#This Row],[Electrode Diameter(mm)]]/(10*2))^2, Constants!$B$4 * PI()*(Table1[[#This Row],[Electrode Diameter(mm)]]/(10*2))^2) -> 16.945073 | I191: =IF(D191="", "", IF(D191="RnD", H191*0.85, IF(D191="Production", H191*0.93, "Invalid"))) -> 15.758918 | J191: =Table1[[#This Row],[Coating weight (mg)]]/Constants!$C$2 -> 13.376612 | K191: =(Table1[[#This Row],[Coating weight (mg)]]/1000)/(((Table1[[#This Row],[Electrode Thickness(µm)]]-Constants!$E$4)*10^-4)*Constants!$C$4) -> 1.61164
A192: 11974 | C192: UKP250203-Aline | D192: Production | E192: 24.6 | G192: 13 | H192: =Table1[[#This Row],[Total electrode weight (mg)]] - IF(ROW()<40, Constants!$B$2 * PI()*(Table1[[#This Row],[Electrode Diameter(mm)]]/(10*2))^2, Constants!$B$4 * PI()*(Table1[[#This Row],[Electrode Diameter(mm)]]/(10*2))^2) -> 20.351239 | I192: =IF(D192="", "", IF(D192="RnD", H192*0.85, IF(D192="Production", H192*0.93, "Invalid"))) -> 18.926653 | J192: =Table1[[#This Row],[Coating weight (mg)]]/Constants!$C$2 -> 16.065474 | K192: =(Table1[[#This Row],[Coating weight (mg)]]/1000)/(((Table1[[#This Row],[Electrode Thickness(µm)]]-Constants!$E$4)*10^-4)*Constants!$C$4) -> -13.387895
A193: 11975 | C193: UKP250203-Aline | D193: Production | E193: 24.7 | G193: 13 | H193: =Table1[[#This Row],[Total electrode weight (mg)]] - IF(ROW()<40, Constants!$B$2 * PI()*(Table1[[#This Row],[Electrode Diameter(mm)]]/(10*2))^2, Constants!$B$4 * PI()*(Table1[[#This Row],[Electrode Diameter(mm)]]/(10*2))^2) -> 20.451239 | I193: =IF(D193="", "", IF(D193="RnD", H193*0.85, IF(D193="Production", H193*0.93, "Invalid"))) -> 19.019653 | J193: =Table1[[#This Row],[Coating weight (mg)]]/Constants!$C$2 -> 16.144415 | K193: =(Table1[[#This Row],[Coating weight (mg)]]/1000)/(((Table1[[#This Row],[Electrode Thickness(µm)]]-Constants!$E$4)*10^-4)*Constants!$C$4) -> -13.453679
A194: 11976 | C194: UKP250203-Aline | D194: Production | E194: 24.6 | G194: 13 | H194: =Table1[[#This Row],[Total electrode weight (mg)]] - IF(ROW()<40, Constants!$B$2 * PI()*(Table1[[#This Row],[Electrode Diameter(mm)]]/(10*2))^2, Constants!$B$4 * PI()*(Table1[[#This Row],[Electrode Diameter(mm)]]/(10*2))^2) -> 20.351239 | I194: =IF(D194="", "", IF(D194="RnD", H194*0.85, IF(D194="Production", H194*0.93, "Invalid"))) -> 18.926653 | J194: =Table1[[#This Row],[Coating weight (mg)]]/Constants!$C$2 -> 16.065474 | K194: =(Table1[[#This Row],[Coating weight (mg)]]/1000)/(((Table1[[#This Row],[Electrode Thickness(µm)]]-Constants!$E$4)*10^-4)*Constants!$C$4) -> -13.387895
A195: 11988 | C195: UKP250403 | D195: Production | E195: 22.6 | G195: 12.7 | H195: =Table1[[#This Row],[Total electrode weight (mg)]] - IF(ROW()<40, Constants!$B$2 * PI()*(Table1[[#This Row],[Electrode Diameter(mm)]]/(10*2))^2, Constants!$B$4 * PI()*(Table1[[#This Row],[Electrode Diameter(mm)]]/(10*2))^2) -> 18.545073 | I195: =IF(D195="", "", IF(D195="RnD", H195*0.85, IF(D195="Production", H195*0.93, "Invalid"))) -> 17.246918 | J195: =Table1[[#This Row],[Coating weight (mg)]]/Constants!$C$2 -> 14.639668 | K195: =(Table1[[#This Row],[Coating weight (mg)]]/1000)/(((Table1[[#This Row],[Electrode Thickness(µm)]]-Constants!$E$4)*10^-4)*Constants!$C$4) -> -12.199723
A196: 11989 | C196: UKP250403 | D196: Production | E196: 22.1 | G196: 12.7 | H196: =Table1[[#This Row],[Total electrode weight (mg)]] - IF(ROW()<40, Constants!$B$2 * PI()*(Table1[[#This Row],[Electrode Diameter(mm)]]/(10*2))^2, Constants!$B$4 * PI()*(Table1[[#This Row],[Electrode Diameter(mm)]]/(10*2))^2) -> 18.045073 | I196: =IF(D196="", "", IF(D196="RnD", H196*0.85, IF(D196="Production", H196*0.93, "Invalid"))) -> 16.781918 | J196: =Table1[[#This Row],[Coating weight (mg)]]/Constants!$C$2 -> 14.244963 | K196: =(Table1[[#This Row],[Coating weight (mg)]]/1000)/(((Table1[[#This Row],[Electrode Thickness(µm)]]-Constants!$E$4)*10^-4)*Constants!$C$4) -> -11.870803
A197: 11990 | C197: UKP250403 | D197: Production | E197: 21.6 | G197: 12.7 | H197: =Table1[[#This Row],[Total electrode weight (mg)]] - IF(ROW()<40, Constants!$B$2 * PI()*(Table1[[#This Row],[Electrode Diameter(mm)]]/(10*2))^2, Constants!$B$4 * PI()*(Table1[[#This Row],[Electrode Diameter(mm)]]/(10*2))^2) -> 17.545073 | I197: =IF(D197="", "", IF(D197="RnD", H197*0.85, IF(D197="Production", H197*0.93, "Invalid"))) -> 16.316918 | J197: =Table1[[#This Row],[Coating weight (mg)]]/Constants!$C$2 -> 13.850258 | K197: =(Table1[[#This Row],[Coating weight (mg)]]/1000)/(((Table1[[#This Row],[Electrode Thickness(µm)]]-Constants!$E$4)*10^-4)*Constants!$C$4) -> -11.541882
A198: 11991 | C198: UKP250403 | D198: Production | E198: 23.3 | G198: 12.7 | H198: =Table1[[#This Row],[Total electrode weight (mg)]] - IF(ROW()<40, Constants!$B$2 * PI()*(Table1[[#This Row],[Electrode Diameter(mm)]]/(10*2))^2, Constants!$B$4 * PI()*(Table1[[#This Row],[Electrode Diameter(mm)]]/(10*2))^2) -> 19.245073 | I198: =IF(D198="", "", IF(D198="RnD", H198*0.85, IF(D198="Production", H198*0.93, "Invalid"))) -> 17.897918 | J198: =Table1[[#This Row],[Coating weight (mg)]]/Constants!$C$2 -> 15.192255 | K198: =(Table1[[#This Row],[Coating weight (mg)]]/1000)/(((Table1[[#This Row],[Electrode Thickness(µm)]]-Constants!$E$4)*10^-4)*Constants!$C$4) -> -12.660213
A199: 11992 | C199: UKP250403 | D199: Production | E199: 22.9 | G199: 12.7 | H199: =Table1[[#This Row],[Total electrode weight (mg)]] - IF(ROW()<40, Constants!$B$2 * PI()*(Table1[[#This Row],[Electrode Diameter(mm)]]/(10*2))^2, Constants!$B$4 * PI()*(Table1[[#This Row],[Electrode Diameter(mm)]]/(10*2))^2) -> 18.845073 | I199: =IF(D199="", "", IF(D199="RnD", H199*0.85, IF(D199="Production", H199*0.93, "Invalid"))) -> 17.525918 | J199: =Table1[[#This Row],[Coating weight (mg)]]/Constants!$C$2 -> 14.876491 | K199: =(Table1[[#This Row],[Coating weight (mg)]]/1000)/(((Table1[[#This Row],[Electrode Thickness(µm)]]-Constants!$E$4)*10^-4)*Constants!$C$4) -> -12.397076
A200: 11993 | B200: 51_07_01 | C200: UKP250403-7T | D200: Production | E200: 23.7 | F200: 104 | G200: 12.7 | H200: =Table1[[#This Row],[Total electrode weight (mg)]] - IF(ROW()<40, Constants!$B$2 * PI()*(Table1[[#This Row],[Electrode Diameter(mm)]]/(10*2))^2, Constants!$B$4 * PI()*(Table1[[#This Row],[Electrode Diameter(mm)]]/(10*2))^2) -> 19.645073 | I200: =IF(D200="", "", IF(D200="RnD", H200*0.85, IF(D200="Production", H200*0.93, "Invalid"))) -> 18.269918 | J200: =Table1[[#This Row],[Coating weight (mg)]]/Constants!$C$2 -> 15.508019 | K200: =(Table1[[#This Row],[Coating weight (mg)]]/1000)/(((Table1[[#This Row],[Electrode Thickness(µm)]]-Constants!$E$4)*10^-4)*Constants!$C$4) -> 1.6856543
A201: 11994 | B201: 51_07_02 | C201: UKP250403-7T | D201: Production | E201: 24 | F201: 104 | G201: 12.7 | H201: =Table1[[#This Row],[Total electrode weight (mg)]] - IF(ROW()<40, Constants!$B$2 * PI()*(Table1[[#This Row],[Electrode Diameter(mm)]]/(10*2))^2, Constants!$B$4 * PI()*(Table1[[#This Row],[Electrode Diameter(mm)]]/(10*2))^2) -> 19.945073 | I201: =IF(D201="", "", IF(D201="RnD", H201*0.85, IF(D201="Production", H201*0.93, "Invalid"))) -> 18.548918 | J201: =Table1[[#This Row],[Coating weight (mg)]]/Constants!$C$2 -> 15.744842 | K201: =(Table1[[#This Row],[Coating weight (mg)]]/1000)/(((Table1[[#This Row],[Electrode Thickness(µm)]]-Constants!$E$4)*10^-4)*Constants!$C$4) -> 1.7113959
A202: 11995 | B202: 51_07_03 | C202: UKP250403-7T | D202: Production | E202: 23 | F202: 104 | G202: 12.7 | H202: =Table1[[#This Row],[Total electrode weight (mg)]] - IF(ROW()<40, Constants!$B$2 * PI()*(Table1[[#This Row],[Electrode Diameter(mm)]]/(10*2))^2, Constants!$B$4 * PI()*(Table1[[#This Row],[Electrode Diameter(mm)]]/(10*2))^2) -> 18.945073 | I202: =IF(D202="", "", IF(D202="RnD", H202*0.85, IF(D202="Production", H202*0.93, "Invalid"))) -> 17.618918 | J202: =Table1[[#This Row],[Coating weight (mg)]]/Constants!$C$2 -> 14.955432 | K202: =(Table1[[#This Row],[Coating weight (mg)]]/1000)/(((Table1[[#This Row],[Electrode Thickness(µm)]]-Constants!$E$4)*10^-4)*Constants!$C$4) -> 1.6255905
A203: 11996 | B203: 51_07_04 | C203: UKP250403-7T | D203: Production | E203: 22.6 | F203: 104 | G203: 12.7 | H203: =Table1[[#This Row],[Total electrode weight (mg)]] - IF(ROW()<40, Constants!$B$2 * PI()*(Table1[[#This Row],[Electrode Diameter(mm)]]/(10*2))^2, Constants!$B$4 * PI()*(Table1[[#This Row],[Electrode Diameter(mm)]]/(10*2))^2) -> 18.545073 | I203: =IF(D203="", "", IF(D203="RnD", H203*0.85, IF(D203="Production", H203*0.93, "Invalid"))) -> 17.246918 | J203: =Table1[[#This Row],[Coating weight (mg)]]/Constants!$C$2 -> 14.639668 | K203: =(Table1[[#This Row],[Coating weight (mg)]]/1000)/(((Table1[[#This Row],[Electrode Thickness(µm)]]-Constants!$E$4)*10^-4)*Constants!$C$4) -> 1.5912683
A204: 11997 | B204: 51_07_05 | C204: UKP250403-7T | D204: Production | E204: 22.6 | F204: 104 | G204: 12.7 | H204: =Table1[[#This Row],[Total electrode weight (mg)]] - IF(ROW()<40, Constants!$B$2 * PI()*(Table1[[#This Row],[Electrode Diameter(mm)]]/(10*2))^2, Constants!$B$4 * PI()*(Table1[[#This Row],[Electrode Diameter(mm)]]/(10*2))^2) -> 18.545073 | I204: =IF(D204="", "", IF(D204="RnD", H204*0.85, IF(D204="Production", H204*0.93, "Invalid"))) -> 17.246918 | J204: =Table1[[#This Row],[Coating weight (mg)]]/Constants!$C$2 -> 14.639668 | K204: =(Table1[[#This Row],[Coating weight (mg)]]/1000)/(((Table1[[#This Row],[Electrode Thickness(µm)]]-Constants!$E$4)*10^-4)*Constants!$C$4) -> 1.5912683
A205: 11998 | B205: 51_07_06 | C205: UKP250404 | D205: Production | E205: 18.6 | G205: 12.7 | H205: =Table1[[#This Row],[Total electrode weight (mg)]] - IF(ROW()<40, Constants!$B$2 * PI()*(Table1[[#This Row],[Electrode Diameter(mm)]]/(10*2))^2, Constants!$B$4 * PI()*(Table1[[#This Row],[Electrode Diameter(mm)]]/(10*2))^2) -> 14.545073 | I205: =IF(D205="", "", IF(D205="RnD", H205*0.85, IF(D205="Production", H205*0.93, "Invalid"))) -> 13.526918 | J205: =Table1[[#This Row],[Coating weight (mg)]]/Constants!$C$2 -> 11.482028 | K205: =(Table1[[#This Row],[Coating weight (mg)]]/1000)/(((Table1[[#This Row],[Electrode Thickness(µm)]]-Constants!$E$4)*10^-4)*Constants!$C$4) -> -9.5683565
A206: 11999 | B206: 51_07_07 | C206: UKP250404 | D206: Production | E206: 17.6 | G206: 12.7 | H206: =Table1[[#This Row],[Total electrode weight (mg)]] - IF(ROW()<40, Constants!$B$2 * PI()*(Table1[[#This Row],[Electrode Diameter(mm)]]/(10*2))^2, Constants!$B$4 * PI()*(Table1[[#This Row],[Electrode Diameter(mm)]]/(10*2))^2) -> 13.545073 | I206: =IF(D206="", "", IF(D206="RnD", H206*0.85, IF(D206="Production", H206*0.93, "Invalid"))) -> 12.596918 | J206: =Table1[[#This Row],[Coating weight (mg)]]/Constants!$C$2 -> 10.692618 | K206: =(Table1[[#This Row],[Coating weight (mg)]]/1000)/(((Table1[[#This Row],[Electrode Thickness(µm)]]-Constants!$E$4)*10^-4)*Constants!$C$4) -> -8.9105147
A207: 12000 | B207: 51_07_08 | C207: UKP250404 | D207: Production | E207: 17.8 | G207: 12.7 | H207: =Table1[[#This Row],[Total electrode weight (mg)]] - IF(ROW()<40, Constants!$B$2 * PI()*(Table1[[#This Row],[Electrode Diameter(mm)]]/(10*2))^2, Constants!$B$4 * PI()*(Table1[[#This Row],[Electrode Diameter(mm)]]/(10*2))^2) -> 13.745073 | I207: =IF(D207="", "", IF(D207="RnD", H207*0.85, IF(D207="Production", H207*0.93, "Invalid"))) -> 12.782918 | J207: =Table1[[#This Row],[Coating weight (mg)]]/Constants!$C$2 -> 10.8505 | K207: =(Table1[[#This Row],[Coating weight (mg)]]/1000)/(((Table1[[#This Row],[Electrode Thickness(µm)]]-Constants!$E$4)*10^-4)*Constants!$C$4) -> -9.0420831
A208: 12001 | B208: 51_08_01 | C208: UKP250404 | D208: Production | E208: 18 | G208: 12.7 | H208: =Table1[[#This Row],[Total electrode weight (mg)]] - IF(ROW()<40, Constants!$B$2 * PI()*(Table1[[#This Row],[Electrode Diameter(mm)]]/(10*2))^2, Constants!$B$4 * PI()*(Table1[[#This Row],[Electrode Diameter(mm)]]/(10*2))^2) -> 13.945073 | I208: =IF(D208="", "", IF(D208="RnD", H208*0.85, IF(D208="Production", H208*0.93, "Invalid"))) -> 12.968918 | J208: =Table1[[#This Row],[Coating weight (mg)]]/Constants!$C$2 -> 11.008382 | K208: =(Table1[[#This Row],[Coating weight (mg)]]/1000)/(((Table1[[#This Row],[Electrode Thickness(µm)]]-Constants!$E$4)*10^-4)*Constants!$C$4) -> -9.1736514
A209: 12002 | B209: 51_08_05 | C209: UKP250404 | D209: Production | E209: 18.3 | G209: 12.7 | H209: =Table1[[#This Row],[Total electrode weight (mg)]] - IF(ROW()<40, Constants!$B$2 * PI()*(Table1[[#This Row],[Electrode Diameter(mm)]]/(10*2))^2, Constants!$B$4 * PI()*(Table1[[#This Row],[Electrode Diameter(mm)]]/(10*2))^2) -> 14.245073 | I209: =IF(D209="", "", IF(D209="RnD", H209*0.85, IF(D209="Production", H209*0.93, "Invalid"))) -> 13.247918 | J209: =Table1[[#This Row],[Coating weight (mg)]]/Constants!$C$2 -> 11.245205 | K209: =(Table1[[#This Row],[Coating weight (mg)]]/1000)/(((Table1[[#This Row],[Electrode Thickness(µm)]]-Constants!$E$4)*10^-4)*Constants!$C$4) -> -9.371004
A210: 12018 | B210: 51_08_02 | C210: PCP0303202 | D210: RnD | E210: 16.2 | G210: 12.7 | H210: =Table1[[#This Row],[Total electrode weight (mg)]] - IF(ROW()<40, Constants!$B$2 * PI()*(Table1[[#This Row],[Electrode Diameter(mm)]]/(10*2))^2, Constants!$B$4 * PI()*(Table1[[#This Row],[Electrode Diameter(mm)]]/(10*2))^2) -> 12.145073 | I210: =IF(D210="", "", IF(D210="RnD", H210*0.85, IF(D210="Production", H210*0.93, "Invalid"))) -> 10.323312 | J210: =Table1[[#This Row],[Coating weight (mg)]]/Constants!$C$2 -> 9.5874436 | K210: =(Table1[[#This Row],[Coating weight (mg)]]/1000)/(((Table1[[#This Row],[Electrode Thickness(µm)]]-Constants!$E$4)*10^-4)*Constants!$C$4) -> -7.9895363
A211: 12019 | B211: 51_08_03 | C211: PCP0303202 | D211: RnD | E211: 16.2 | G211: 12.7 | H211: =Table1[[#This Row],[Total electrode weight (mg)]] - IF(ROW()<40, Constants!$B$2 * PI()*(Table1[[#This Row],[Electrode Diameter(mm)]]/(10*2))^2, Constants!$B$4 * PI()*(Table1[[#This Row],[Electrode Diameter(mm)]]/(10*2))^2) -> 12.145073 | I211: =IF(D211="", "", IF(D211="RnD", H211*0.85, IF(D211="Production", H211*0.93, "Invalid"))) -> 10.323312 | J211: =Table1[[#This Row],[Coating weight (mg)]]/Constants!$C$2 -> 9.5874436 | K211: =(Table1[[#This Row],[Coating weight (mg)]]/1000)/(((Table1[[#This Row],[Electrode Thickness(µm)]]-Constants!$E$4)*10^-4)*Constants!$C$4) -> -7.9895363
A212: 12020 | B212: 51_08_04 | C212: PCP0303202 | D212: RnD | E212: 15.8 | G212: 12.7 | H212: =Table1[[#This Row],[Total electrode weight (mg)]] - IF(ROW()<40, Constants!$B$2 * PI()*(Table1[[#This Row],[Electrode Diameter(mm)]]/(10*2))^2, Constants!$B$4 * PI()*(Table1[[#This Row],[Electrode Diameter(mm)]]/(10*2))^2) -> 11.745073 | I212: =IF(D212="", "", IF(D212="RnD", H212*0.85, IF(D212="Production", H212*0.93, "Invalid"))) -> 9.9833124 | J212: =Table1[[#This Row],[Coating weight (mg)]]/Constants!$C$2 -> 9.2716795 | K212: =(Table1[[#This Row],[Coating weight (mg)]]/1000)/(((Table1[[#This Row],[Electrode Thickness(µm)]]-Constants!$E$4)*10^-4)*Constants!$C$4) -> -7.7263996
A213: 12021 | B213: 51_08_05 | C213: PCP0303202 | D213: RnD | E213: 16.2 | G213: 12.7 | H213: =Table1[[#This Row],[Total electrode weight (mg)]] - IF(ROW()<40, Constants!$B$2 * PI()*(Table1[[#This Row],[Electrode Diameter(mm)]]/(10*2))^2, Constants!$B$4 * PI()*(Table1[[#This Row],[Electrode Diameter(mm)]]/(10*2))^2) -> 12.145073 | I213: =IF(D213="", "", IF(D213="RnD", H213*0.85, IF(D213="Production", H213*0.93, "Invalid"))) -> 10.323312 | J213: =Table1[[#This Row],[Coating weight (mg)]]/Constants!$C$2 -> 9.5874436 | K213: =(Table1[[#This Row],[Coating weight (mg)]]/1000)/(((Table1[[#This Row],[Electrode Thickness(µm)]]-Constants!$E$4)*10^-4)*Constants!$C$4) -> -7.9895363
A214: 12022 | B214: 51_08_07 | C214: PCP0303202 | D214: RnD | E214: 15.6 | G214: 12.7 | H214: =Table1[[#This Row],[Total electrode weight (mg)]] - IF(ROW()<40, Constants!$B$2 * PI()*(Table1[[#This Row],[Electrode Diameter(mm)]]/(10*2))^2, Constants!$B$4 * PI()*(Table1[[#This Row],[Electrode Diameter(mm)]]/(10*2))^2) -> 11.545073 | I214: =IF(D214="", "", IF(D214="RnD", H214*0.85, IF(D214="Production", H214*0.93, "Invalid"))) -> 9.8133124 | J214: =Table1[[#This Row],[Coating weight (mg)]]/Constants!$C$2 -> 9.1137975 | K214: =(Table1[[#This Row],[Coating weight (mg)]]/1000)/(((Table1[[#This Row],[Electrode Thickness(µm)]]-Constants!$E$4)*10^-4)*Constants!$C$4) -> -7.5948313
A215: 12023 | B215: 51_05_01 | C215: FPP-02-Mn-IV | D215: RnD | E215: 18.8 | G215: 12.7 | H215: =Table1[[#This Row],[Total electrode weight (mg)]] - IF(ROW()<40, Constants!$B$2 * PI()*(Table1[[#This Row],[Electrode Diameter(mm)]]/(10*2))^2, Constants!$B$4 * PI()*(Table1[[#This Row],[Electrode Diameter(mm)]]/(10*2))^2) -> 14.745073 | I215: =IF(D215="", "", IF(D215="RnD", H215*0.85, IF(D215="Production", H215*0.93, "Invalid"))) -> 12.533312 | J215: =Table1[[#This Row],[Coating weight (mg)]]/Constants!$C$2 -> 11.63991 | K215: =(Table1[[#This Row],[Coating weight (mg)]]/1000)/(((Table1[[#This Row],[Electrode Thickness(µm)]]-Constants!$E$4)*10^-4)*Constants!$C$4) -> -9.6999248
A216: 12024 | B216: 51_05_02 | C216: FPP-02-Mn-IV | D216: RnD | E216: 20 | G216: 12.7 | H216: =Table1[[#This Row],[Total electrode weight (mg)]] - IF(ROW()<40, Constants!$B$2 * PI()*(Table1[[#This Row],[Electrode Diameter(mm)]]/(10*2))^2, Constants!$B$4 * PI()*(Table1[[#This Row],[Electrode Diameter(mm)]]/(10*2))^2) -> 15.945073 | I216: =IF(D216="", "", IF(D216="RnD", H216*0.85, IF(D216="Production", H216*0.93, "Invalid"))) -> 13.553312 | J216: =Table1[[#This Row],[Coating weight (mg)]]/Constants!$C$2 -> 12.587202 | K216: =(Table1[[#This Row],[Coating weight (mg)]]/1000)/(((Table1[[#This Row],[Electrode Thickness(µm)]]-Constants!$E$4)*10^-4)*Constants!$C$4) -> -10.489335
... A223: 12031 | B223: 51_09_04 | C223: UKP250403 | D223: Production | E223: 23.3 | G223: 12.7 | H223: =Table1[[#This Row],[Total electrode weight (mg)]] - IF(ROW()<40, Constants!$B$2 * PI()*(Table1[[#This Row],[Electrode Diameter(mm)]]/(10*2))^2, Constants!$B$4 * PI()*(Table1[[#This Row],[Electrode Diameter(mm)]]/(10*2))^2) -> 19.245073 | I223: =IF(D223="", "", IF(D223="RnD", H223*0.85, IF(D223="Production", H223*0.93, "Invalid"))) -> 17.897918 | J223: =Table1[[#This Row],[Coating weight (mg)]]/Constants!$C$2 -> 15.192255 | K223: =(Table1[[#This Row],[Coating weight (mg)]]/1000)/(((Table1[[#This Row],[Electrode Thickness(µm)]]-Constants!$E$4)*10^-4)*Constants!$C$4) -> -12.660213
A224: 12032 | B224: 51_09_05 | C224: UKP250403 | D224: Production | E224: 23.9 | G224: 12.7 | H224: =Table1[[#This Row],[Total electrode weight (mg)]] - IF(ROW()<40, Constants!$B$2 * PI()*(Table1[[#This Row],[Electrode Diameter(mm)]]/(10*2))^2, Constants!$B$4 * PI()*(Table1[[#This Row],[Electrode Diameter(mm)]]/(10*2))^2) -> 19.845073 | I224: =IF(D224="", "", IF(D224="RnD", H224*0.85, IF(D224="Production", H224*0.93, "Invalid"))) -> 18.455918 | J224: =Table1[[#This Row],[Coating weight (mg)]]/Constants!$C$2 -> 15.665901 | K224: =(Table1[[#This Row],[Coating weight (mg)]]/1000)/(((Table1[[#This Row],[Electrode Thickness(µm)]]-Constants!$E$4)*10^-4)*Constants!$C$4) -> -13.054918 | O224: 10987 | P224: FPP-02-1l-02 | Q224: 22.695515
A225: 12033 | B225: 51_10_01 | C225: UKP250302-10d | D225: Production | E225: 21.5 | G225: 12.7 | H225: =Table1[[#This Row],[Total electrode weight (mg)]] - IF(ROW()<40, Constants!$B$2 * PI()*(Table1[[#This Row],[Electrode Diameter(mm)]]/(10*2))^2, Constants!$B$4 * PI()*(Table1[[#This Row],[Electrode Diameter(mm)]]/(10*2))^2) -> 17.445073 | I225: =IF(D225="", "", IF(D225="RnD", H225*0.85, IF(D225="Production", H225*0.93, "Invalid"))) -> 16.223918 | J225: =Table1[[#This Row],[Coating weight (mg)]]/Constants!$C$2 -> 13.771317 | K225: =(Table1[[#This Row],[Coating weight (mg)]]/1000)/(((Table1[[#This Row],[Electrode Thickness(µm)]]-Constants!$E$4)*10^-4)*Constants!$C$4) -> -11.476098
A226: 12034 | B226: 51_10_02 | C226: UKP250302-10d | D226: Production | E226: 17.9 | G226: 12.7 | H226: =Table1[[#This Row],[Total electrode weight (mg)]] - IF(ROW()<40, Constants!$B$2 * PI()*(Table1[[#This Row],[Electrode Diameter(mm)]]/(10*2))^2, Constants!$B$4 * PI()*(Table1[[#This Row],[Electrode Diameter(mm)]]/(10*2))^2) -> 13.845073 | I226: =IF(D226="", "", IF(D226="RnD", H226*0.85, IF(D226="Production", H226*0.93, "Invalid"))) -> 12.875918 | J226: =Table1[[#This Row],[Coating weight (mg)]]/Constants!$C$2 -> 10.929441 | K226: =(Table1[[#This Row],[Coating weight (mg)]]/1000)/(((Table1[[#This Row],[Electrode Thickness(µm)]]-Constants!$E$4)*10^-4)*Constants!$C$4) -> -9.1078673
A227: 12035 | B227: - | C227: UKP250302-10d | D227: Production | E227: 18.3 | G227: 12.7 | H227: =Table1[[#This Row],[Total electrode weight (mg)]] - IF(ROW()<40, Constants!$B$2 * PI()*(Table1[[#This Row],[Electrode Diameter(mm)]]/(10*2))^2, Constants!$B$4 * PI()*(Table1[[#This Row],[Electrode Diameter(mm)]]/(10*2))^2) -> 14.245073 | I227: =IF(D227="", "", IF(D227="RnD", H227*0.85, IF(D227="Production", H227*0.93, "Invalid"))) -> 13.247918 | J227: =Table1[[#This Row],[Coating weight (mg)]]/Constants!$C$2 -> 11.245205 | K227: =(Table1[[#This Row],[Coating weight (mg)]]/1000)/(((Table1[[#This Row],[Electrode Thickness(µm)]]-Constants!$E$4)*10^-4)*Constants!$C$4) -> -9.371004 | N227: Bad OCV not started
A228: 12036 | B228: 51_10_04 | C228: UKP250302-10d | D228: Production | E228: 18.7 | G228: 12.7 | H228: =Table1[[#This Row],[Total electrode weight (mg)]] - IF(ROW()<40, Constants!$B$2 * PI()*(Table1[[#This Row],[Electrode Diameter(mm)]]/(10*2))^2, Constants!$B$4 * PI()*(Table1[[#This Row],[Electrode Diameter(mm)]]/(10*2))^2) -> 14.645073 | I228: =IF(D228="", "", IF(D228="RnD", H228*0.85, IF(D228="Production", H228*0.93, "Invalid"))) -> 13.619918 | J228: =Table1[[#This Row],[Coating weight (mg)]]/Constants!$C$2 -> 11.560969 | K228: =(Table1[[#This Row],[Coating weight (mg)]]/1000)/(((Table1[[#This Row],[Electrode Thickness(µm)]]-Constants!$E$4)*10^-4)*Constants!$C$4) -> -9.6341407
A229: 12037 | B229: 51_10_05 | C229: UKP250302-10d | D229: Production | E229: 20.2 | G229: 12.7 | H229: =Table1[[#This Row],[Total electrode weight (mg)]] - IF(ROW()<40, Constants!$B$2 * PI()*(Table1[[#This Row],[Electrode Diameter(mm)]]/(10*2))^2, Constants!$B$4 * PI()*(Table1[[#This Row],[Electrode Diameter(mm)]]/(10*2))^2) -> 16.145073 | I229: =IF(D229="", "", IF(D229="RnD", H229*0.85, IF(D229="Production", H229*0.93, "Invalid"))) -> 15.014918 | J229: =Table1[[#This Row],[Coating weight (mg)]]/Constants!$C$2 -> 12.745084 | K229: =(Table1[[#This Row],[Coating weight (mg)]]/1000)/(((Table1[[#This Row],[Electrode Thickness(µm)]]-Constants!$E$4)*10^-4)*Constants!$C$4) -> -10.620903
A230: 12047 | B230: 51_05_01 | C230: UKP250302-Mixer | D230: Production | E230: 19.2 | G230: 12.7 | H230: =Table1[[#This Row],[Total electrode weight (mg)]] - IF(ROW()<40, Constants!$B$2 * PI()*(Table1[[#This Row],[Electrode Diameter(mm)]]/(10*2))^2, Constants!$B$4 * PI()*(Table1[[#This Row],[Electrode Diameter(mm)]]/(10*2))^2) -> 15.145073 | I230: =IF(D230="", "", IF(D230="RnD", H230*0.85, IF(D230="Production", H230*0.93, "Invalid"))) -> 14.084918 | J230: =Table1[[#This Row],[Coating weight (mg)]]/Constants!$C$2 -> 11.955674 | K230: =(Table1[[#This Row],[Coating weight (mg)]]/1000)/(((Table1[[#This Row],[Electrode Thickness(µm)]]-Constants!$E$4)*10^-4)*Constants!$C$4) -> -9.9630615
A231: 12048 | B231: 51_05_02 | C231: UKP250302-Mixer | D231: Production | E231: 18.2 | G231: 12.7 | H231: =Table1[[#This Row],[Total electrode weight (mg)]] - IF(ROW()<40, Constants!$B$2 * PI()*(Table1[[#This Row],[Electrode Diameter(mm)]]/(10*2))^2, Constants!$B$4 * PI()*(Table1[[#This Row],[Electrode Diameter(mm)]]/(10*2))^2) -> 14.145073 | I231: =IF(D231="", "", IF(D231="RnD", H231*0.85, IF(D231="Production", H231*0.93, "Invalid"))) -> 13.154918 | J231: =Table1[[#This Row],[Coating weight (mg)]]/Constants!$C$2 -> 11.166264 | K231: =(Table1[[#This Row],[Coating weight (mg)]]/1000)/(((Table1[[#This Row],[Electrode Thickness(µm)]]-Constants!$E$4)*10^-4)*Constants!$C$4) -> -9.3052198
A232: 12049 | B232: 51_05_03 | C232: UKP250302-Mixer | D232: Production | E232: 18.9 | G232: 12.7 | H232: =Table1[[#This Row],[Total electrode weight (mg)]] - IF(ROW()<40, Constants!$B$2 * PI()*(Table1[[#This Row],[Electrode Diameter(mm)]]/(10*2))^2, Constants!$B$4 * PI()*(Table1[[#This Row],[Electrode Diameter(mm)]]/(10*2))^2) -> 14.845073 | I232: =IF(D232="", "", IF(D232="RnD", H232*0.85, IF(D232="Production", H232*0.93, "Invalid"))) -> 13.805918 | J232: =Table1[[#This Row],[Coating weight (mg)]]/Constants!$C$2 -> 11.718851 | K232: =(Table1[[#This Row],[Coating weight (mg)]]/1000)/(((Table1[[#This Row],[Electrode Thickness(µm)]]-Constants!$E$4)*10^-4)*Constants!$C$4) -> -9.765709
A233: 12050 | B233: 51_05_04 | C233: UKP250302-Mixer | D233: Production | E233: 19.2 | G233: 12.7 | H233: =Table1[[#This Row],[Total electrode weight (mg)]] - IF(ROW()<40, Constants!$B$2 * PI()*(Table1[[#This Row],[Electrode Diameter(mm)]]/(10*2))^2, Constants!$B$4 * PI()*(Table1[[#This Row],[Electrode Diameter(mm)]]/(10*2))^2) -> 15.145073 | I233: =IF(D233="", "", IF(D233="RnD", H233*0.85, IF(D233="Production", H233*0.93, "Invalid"))) -> 14.084918 | J233: =Table1[[#This Row],[Coating weight (mg)]]/Constants!$C$2 -> 11.955674 | K233: =(Table1[[#This Row],[Coating weight (mg)]]/1000)/(((Table1[[#This Row],[Electrode Thickness(µm)]]-Constants!$E$4)*10^-4)*Constants!$C$4) -> -9.9630615
A234: 12051 | B234: 51_05_05 | C234: UKP250302-Mixer | D234: Production | E234: 19.1 | G234: 12.7 | H234: =Table1[[#This Row],[Total electrode weight (mg)]] - IF(ROW()<40, Constants!$B$2 * PI()*(Table1[[#This Row],[Electrode Diameter(mm)]]/(10*2))^2, Constants!$B$4 * PI()*(Table1[[#This Row],[Electrode Diameter(mm)]]/(10*2))^2) -> 15.045073 | I234: =IF(D234="", "", IF(D234="RnD", H234*0.85, IF(D234="Production", H234*0.93, "Invalid"))) -> 13.991918 | J234: =Table1[[#This Row],[Coating weight (mg)]]/Constants!$C$2 -> 11.876733 | K234: =(Table1[[#This Row],[Coating weight (mg)]]/1000)/(((Table1[[#This Row],[Electrode Thickness(µm)]]-Constants!$E$4)*10^-4)*Constants!$C$4) -> -9.8972774
A235: 12052 | B235: 51_05_07 | C235: UKP250302-3-Weeks | D235: Production | E235: 14.9 | G235: 12.7 | H235: =Table1[[#This Row],[Total electrode weight (mg)]] - IF(ROW()<40, Constants!$B$2 * PI()*(Table1[[#This Row],[Electrode Diameter(mm)]]/(10*2))^2, Constants!$B$4 * PI()*(Table1[[#This Row],[Electrode Diameter(mm)]]/(10*2))^2) -> 10.845073 | I235: =IF(D235="", "", IF(D235="RnD", H235*0.85, IF(D235="Production", H235*0.93, "Invalid"))) -> 10.085918 | J235: =Table1[[#This Row],[Coating weight (mg)]]/Constants!$C$2 -> 8.5612104 | K235: =(Table1[[#This Row],[Coating weight (mg)]]/1000)/(((Table1[[#This Row],[Electrode Thickness(µm)]]-Constants!$E$4)*10^-4)*Constants!$C$4) -> -7.134342
A236: 12053 | B236: 51_05_08 | C236: UKP250302-3-Weeks | D236: Production | E236: 15 | G236: 12.7 | H236: =Table1[[#This Row],[Total electrode weight (mg)]] - IF(ROW()<40, Constants!$B$2 * PI()*(Table1[[#This Row],[Electrode Diameter(mm)]]/(10*2))^2, Constants!$B$4 * PI()*(Table1[[#This Row],[Electrode Diameter(mm)]]/(10*2))^2) -> 10.945073 | I236: =IF(D236="", "", IF(D236="RnD", H236*0.85, IF(D236="Production", H236*0.93, "Invalid"))) -> 10.178918 | J236: =Table1[[#This Row],[Coating weight (mg)]]/Constants!$C$2 -> 8.6401514 | K236: =(Table1[[#This Row],[Coating weight (mg)]]/1000)/(((Table1[[#This Row],[Electrode Thickness(µm)]]-Constants!$E$4)*10^-4)*Constants!$C$4) -> -7.2001262
A237: 12054 | B237: 51_06_01 | C237: UKP250302-3-Weeks | D237: Production | E237: 15.2 | G237: 12.7 | H237: =Table1[[#This Row],[Total electrode weight (mg)]] - IF(ROW()<40, Constants!$B$2 * PI()*(Table1[[#This Row],[Electrode Diameter(mm)]]/(10*2))^2, Constants!$B$4 * PI()*(Table1[[#This Row],[Electrode Diameter(mm)]]/(10*2))^2) -> 11.145073 | I237: =IF(D237="", "", IF(D237="RnD", H237*0.85, IF(D237="Production", H237*0.93, "Invalid"))) -> 10.364918 | J237: =Table1[[#This Row],[Coating weight (mg)]]/Constants!$C$2 -> 8.7980335 | K237: =(Table1[[#This Row],[Coating weight (mg)]]/1000)/(((Table1[[#This Row],[Electrode Thickness(µm)]]-Constants!$E$4)*10^-4)*Constants!$C$4) -> -7.3316946
A238: 12055 | B238: 51_06_02 | C238: UKP250302-3-Weeks | D238: Production | E238: 17.1 | G238: 12.7 | H238: =Table1[[#This Row],[Total electrode weight (mg)]] - IF(ROW()<40, Constants!$B$2 * PI()*(Table1[[#This Row],[Electrode Diameter(mm)]]/(10*2))^2, Constants!$B$4 * PI()*(Table1[[#This Row],[Electrode Diameter(mm)]]/(10*2))^2) -> 13.045073 | I238: =IF(D238="", "", IF(D238="RnD", H238*0.85, IF(D238="Production", H238*0.93, "Invalid"))) -> 12.131918 | J238: =Table1[[#This Row],[Coating weight (mg)]]/Constants!$C$2 -> 10.297913 | K238: =(Table1[[#This Row],[Coating weight (mg)]]/1000)/(((Table1[[#This Row],[Electrode Thickness(µm)]]-Constants!$E$4)*10^-4)*Constants!$C$4) -> -8.5815939
A239: 12056 | B239: 51_06_03 | C239: UKP250302-3-Weeks | D239: Production | E239: 14.8 | G239: 12.7 | H239: =Table1[[#This Row],[Total electrode weight (mg)]] - IF(ROW()<40, Constants!$B$2 * PI()*(Table1[[#This Row],[Electrode Diameter(mm)]]/(10*2))^2, Constants!$B$4 * PI()*(Table1[[#This Row],[Electrode Diameter(mm)]]/(10*2))^2) -> 10.745073 | I239: =IF(D239="", "", IF(D239="RnD", H239*0.85, IF(D239="Production", H239*0.93, "Invalid"))) -> 9.9929183 | J239: =Table1[[#This Row],[Coating weight (mg)]]/Constants!$C$2 -> 8.4822694 | K239: =(Table1[[#This Row],[Coating weight (mg)]]/1000)/(((Table1[[#This Row],[Electrode Thickness(µm)]]-Constants!$E$4)*10^-4)*Constants!$C$4) -> -7.0685579
A240: 12092 | C240: UKP250501 | D240: Production | E240: 19.8 | F240: 200 | G240: 12.7 | H240: =Table1[[#This Row],[Total electrode weight (mg)]] - IF(ROW()<40, Constants!$B$2 * PI()*(Table1[[#This Row],[Electrode Diameter(mm)]]/(10*2))^2, Constants!$B$4 * PI()*(Table1[[#This Row],[Electrode Diameter(mm)]]/(10*2))^2) -> 15.745073 | I240: =IF(D240="", "", IF(D240="RnD", H240*0.85, IF(D240="Production", H240*0.93, "Invalid"))) -> 14.642918 | J240: =Table1[[#This Row],[Coating weight (mg)]]/Constants!$C$2 -> 12.42932 | K240: =(Table1[[#This Row],[Coating weight (mg)]]/1000)/(((Table1[[#This Row],[Electrode Thickness(µm)]]-Constants!$E$4)*10^-4)*Constants!$C$4) -> 0.66113404
...

Sheet Constants
A1: Substrate | B1: Substarte Aerial density (mg/cm^2) | C1: Substarte/Electrode Area(cm^2) (12.7mm diameter disc) | D1: Substarte/Electrode Area(cm^2) (13mm diameter disc) | E1: Substrate thickness,µm
A2: SAMA 1100 | B2: 4.04 | C2: =PI()*(1.27/2)^2 -> 1.2667687 | D2: =PI()*(1.3/2)^2 -> 1.3273229 | E2: 14
A3: Constantia 1100 - 12 µm' | B3: 3.33 | C3: =PI()*(1.27/2)^2 -> 1.2667687 | D3: =PI()*(1.3/2)^2 -> 1.3273229 | E3: 12
A4: Ding zheng 12 µm | B4: 3.201 | C4: =PI()*(1.27/2)^2 -> 1.2667687 | D4: =PI()*(1.3/2)^2 -> 1.3273229 | E4: 12 | H4: Pi()*(1.27/2)^2
A5: Gränges | B5: 3.301 | C5: =PI()*(1.27/2)^2 -> 1.2667687 | D5: =PI()*(1.3/2)^2 -> 1.3273229

Sheet Production-St.Recipe
A1: Components: | B1: Material | C1: Conc-solid(wt%) | D1: To add(g) | E1: Total_Solid (g) | F1: Component ratio-solid, Slurry/Undried Electrode (wt%) | G1: Component Ratio, dry electrode(Calculated based on 10% crystal water) | H1: Mass(g) | I1: %(w/w)
A2: Cathode active material | B2: Fennac(pure) | C2: 100 | D2: 18 | E2: =D2 -> 18 | F2: 93 | G2: =(0.9*E2)*100/((E2*0.9)+E3+E4+E5) -> 92.282249
A3: Binder | B3: CMC(solution) | C3: 2 | D3: =E3/(C3/100) -> 9.6774194 | E3: =E2*F3/F2 -> 0.19354839 | F3: 1 | G3: =E3*100/(E2*0.9+E3+E4+E5) -> 1.1025358
B4: SBR(solution) | C4: 40 | D4: 0.58 | E4: =E2*F4/F2 -> 0.58064516 | F4: 3 | G4: =E4*100/(E2*0.9+E3+E4+E5) -> 3.3076075
A5: Conductive | B5: C65(pure) | C5: 100 | D5: =E5*1 -> 0.58064516 | E5: =F5*E2/F2 -> 0.58064516 | F5: 3 | G5: =E5*100/(E2*0.9+E3+E4+E5) -> 3.3076075
A6: Solvent | B6: Water - deionised-1st | C6: 0 | D6: =(SUM(E2:E5)-(SUM(D2:D5)*I9/100))/(I9*2/100) -> 4.5562998
B7: Water - deionised-2nd | C7: 0 | D7: =(SUM(E2:E5)-(SUM(D2:D5)*I9/100))/(I9*2/100) -> 4.5562998
A8: Water-total | H8: =(D3-E3)+(D4-E4)+D6+D7 -> 18.595825 | I8: 49
A9: Solid total | H9: =E2*100/F2 -> 19.354839 | I9: 51
E12: Comp | F12: Amount in Kg
E13: Active | F13: 43.2712 | G13: =F13*100/(F13+F14+F15+0.4*F16) -> 93.784415 | H13: =0.9*F13*100/(0.9*F13+F14+F15+0.4*F16) -> 93.141163
E14: C65+VL | F14: 1.8429
E15: CMC | F15: 0.46574944
E16: SBR | F16: 1.3979
